,Date,Event / Info,Source,Type
2022,04/29/22,Crimson board endorses BDS,Crimson,
,06/27/22,Gemma Schneider dissents from BDS call,https://www.jns.org/jewish-harvard-student-slams-student-newspapers-endorsement-of-bds/,
,,,,
,,"Put in story from Sabrina's statement about FUP stopping in front of Hillel and saying, ""This is a place where Arab and Muslim students don't feel safe or welcome""",,
2023,,Put in Sabrina Goldfischer's thesis link,https://jewishjournal.org/2023/04/19/thesis-describes-toxic-environment-jewish-students-face-at-harvard/,
,10/07/23,Hamas attacks Israel,,World event
,,"Harvard Graduate Students for Palestine and the Palestine Solidarity Committee (P.S.C.) issues statement that begins ""“We, the undersigned student organizations, hold the Israeli regime entirely responsible for all unfolding violence.” ",New Yorker,Harvard campus event
,,"RPL statement, head of HDS distances themselves from it",https://www.thecrimson.com/article/2023/10/13/hds-distances-rpl-statement-israel-palestine/,Harvard campus event
,,Student surrounded/harassed at rally (what's exact date?),https://www.youtube.com/watch?v=ID-13ZY1DWM,Harvard campus event
,10/27/23,Claudine Gay attends parents weekend Shabbat dinner at Hillel [she made some supportive remarks that at the time seemed helpful],,
,,"Harvard Hillel hires part-time staff to guide students through complaint process - Sabrina was not hired until November and didn't start until December, I think",,
,11/09/23,122 faculty sign statement criticizing Gay's statements about anti-Semitism on campus,https://medium.com/@acfreedomfacstatement/harvard-faculty-response-to-combating-antisemitism-86ca47e87cdf,
,12/05/23,"Harvard President Claudine Gay is questioned by US Congress about antisemitism on campus post 10/7. Says that calling for the genocide of Jews can be considered bullying or harassment ""depending on the context.""",NYT,Harvard official statement
,,"Harvard Hillel releases statement saying ""President Gay’s failure to properly condemn this speech calls into question her ability to protect Jewish students on Harvard’s campus.""",Hillel Email,Harvard Hillel statement
,12/08/23,President Gay apologizes for her testimony in an interview with the Crimson.,Crimson,Harvard official statement
,,Pres Gay Shabbat dinner @ Hillel & msg in Forward,,Harvard official statement
,,Rabbi David Wolpe resigns from Harvard’s antisemitism advisory group and task force,CNN,Jewish communal response
,12/19/23,Hillel sends letter to senior admin,,
2024,01/02/24,President Gay resigns. Alan Garber is appointed Interim President,Crimson,
,01/10/24,Shabbos Kestenbaum and Students Against Antisemitism file suit against Harvard University,Lawsuit PDF,
,01/19/24,"Interim President Garber Announces Formation of ""Presidential Task Force on Combating Antisemitism"" and ""Presidential Task Force on Combating Islamophobia and Anti-Arab Bias""",Harvard,
,01/20/24,"Interim President Alan Garber issues new ""Guidance on Protest and Dissent."" The statement clarifies where protests are not allowed – ""places in which demonstrations and protests would interfere with the normal activities of the University,"" including classrooms, libraries, dorms, dining halls, and offices – and emphasizes that protesters cannot prevent invited speakers from talking or being heard by audience members.",Crimson,
,,Sidechat reforms (there was earlier Hillel request here),Harvard Asks Sidechat to Enforce Content Moderation as Jewish Students Decry ‘Vicious’ Antisemitism | News,
,02/14/24,Posters of Israeli hostages defaced with anti-Semitic conspiracies,https://www.thecrimson.com/article/2024/2/14/anonymous-posters-campus-tensions/,Harvard campus event
,02/19/24,Harvard Undergraduate Palestine Solidarity Committee and the African and African American Resistance Organization post blatantly antisemtic cartoon,https://www.latimes.com/world-nation/story/2024-02-23/the-antisemitic-cartoon-roiling-harvard-its-not-the-first-time-it-caused-a-firestorm-for-student-groups,
,02/21/24,Interim President Garber Condemns Antisemitic Image Posted by Pro-Palestine Groups,Crimson,
,03/05/24,"Former Israeli Ambassador to the United States (and former American) Michael Oren penned Trials of the Ivy League for his Substack newsletter “Clarity,” describing his stint as a visiting professor at Harvard in 2006 when he taught a seminar called “The History of Zionist Diplomacy.”",Clarity,
,03/14/24,"David French urges New York Times readers to read the lawsuits against Harvard and MIT. He writes: “I spent virtually my entire legal career defending free speech on campus, including the free speech of Muslim students and staff members. …. I have never seen such comprehensive abuse directed against a vulnerable campus minority group as I’ve seen directed at Jewish students and faculty since Hamas’s terror attack on Oct. 7",NYT,
,03/21/24,"Harvard Law Professor Randall Kennedy responds to the David French column in the pages of the Crimson: ""Everything Wrong with the Legal Complaint Calling Harvard Antisemitic""",Crimson,
,03/29/24,"Alexander Kestenbaum and Students Against Antisemitism lawsuit is amended to include, among other things, the claim that a former student who uttered an antisemitic slur towards an Israeli speaker, then-Cabinet Member Tzipi Livni, at an HLS event is now employed as an instructor at HLS. Another claim: A student Plaintiff asked a Harvard faculty member who tweeted that Zionists could not work in public health if he had thought through the implications of his public statements and their effect on his Jewish and Israeli students required to take his courses. The amended complaint says the student was reported by the professor to a Dean who then accused the student of “failing to uphold Harvard’s values by ‘extrapolating views and assuming intent.’”",Lawsuit PDF,
,04/03/24,"AFRO co-sponsors ""Zionists not welcome here""",https://www.instagram.com/bostonpsl/p/C5Ub4IoMg1o/?hl=en,Harvard campus event
,04/05/24,Harvard hires 24/7 security for apartheid wall,,
,04/11/24,ADL gives Harvard an 'F' on antisemitism,CNN,
,,Harvard announces first ever Jewish Affinity Celebration,Crimson,
,04/12/24,"Harvard Hillel releases statement saying ""President Gay’s failure to properly condemn this speech calls into question her ability to protect Jewish students on Harvard’s campus.""",Jewish Telegraphic Agency,
,04/22/24,"In anticipation of protests, administrators restrict access to Harvard Yard to only HUID holders.",Crimson,
,04/24/24,Pro-Palestine Harvard Students Occupy Harvard Yard on First Day of Encampment,Crimson,
,04/25/24,Dean of Students Thomas Dunne says in an email to students that the encampment violates school guidelines and participants could face disciplinary consequences,Crimson,
,04/26/24,"""Majority of Harvard FAS Faculty Dispute Presence of ‘Systemic Antisemitism’ on Campus in Survey""",Crimson,
,,"Former Harvard President Larry Summers (PhD ‘82) posts on X blaming the lack of disciplinary action thus far on “the Harvard Corporation’s failure to effectively address issues of prejudice and breakdowns of order on our campus,” and saying, “There can be no question that Harvard is practicing an ongoing double standard on discrimination between racism, misogyny and anti-semitism.”",X,
,04/27/24,HUPD Chief Says Harvard Yard Encampment is Peaceful,Crimson,
,05/04/24,Espada fired for threatening online comments to Kestenbaum,https://www.thecrimson.com/article/2024/5/4/gus-espada-fired-ealc/,Harvard official action
,05/11/24,180 Harvard profs encourage Garber to end encampment,https://www.thecrimson.com/article/2024/5/11/faculty-letter-garber-encampment-end/,Harvard group statement
,5/12/24?,Encampment depicts Garber as devil in classic anti-Semitic trope,https://www.thecrimson.com/article/2024/5/12/garber-devil-poster-removed-hoop-encampment/,Harvard campus event
,05/13/24,"Harvard University Police Enter Encampment, Photograph Protesters",Crimson,
,05/14/24,Harvard Out of Occupied Palestine Ends Harvard Yard Encampment,Crimson,
,5/14 or 5/15,Garber and Hoekstra each published statements on the dispersal of the encampment that suggested no/light consequences. We privately pressed for him to clarify and he did.,,
,05/17/24,"The House Committee on Education and the Workforce releases a report detailing a conflict between former President Claudine Gay (PhD ‘98) and the antisemitism advisory group she established after the October 7 Hamas attack on Israel. The report reveals that five of the eight advisory members threatened to resign shortly after the group's formation, criticizing Harvard’s leaders for not following their recommendations. Harvard spokesperson Jason Newton calls the report ""an incomplete and inaccurate view"" of Harvard's efforts against antisemitism",Crimson,
,,,,
,05/20/24,The Harvard Jewish Alumni Alliance (HJAA) releases a study about how Jewish students at Harvard feel ostracized and harassed by both peers and faculty. ,HJAA Report,
,05/29/24,"The Brandeis Center and Jewish Americans for Fairness in Education sue Harvard, accusing it of ignoring antisemitism and creating a hostile environment for Jewish students.",Crimson,
,06/09/24,"New Exec Director of Harvard Hillel Discusses the Future of Jewish Community on Campus -- ""The Present and Future of Jewish Life at Harvard:"" A conversation between Harvard Hillel board co-chair Adina Astor and Harvard Hillel Executive Director Rabbi Jason Rubenstein",Webinar,
,06/26/24,Harvard’s presidential task forces to combat antisemitism and anti-Muslim and anti-Arab bias release their preliminary recommendations,Crimson,
,,Harvard Places 10 Graduate Students on Probation for Encampment Participation,Crimson,
,,Rabbi David Wolpe recounts his past year as visiting scholar at HDS (and publishes related op-ed in the WSJ),Jewish Journal,
,06/27/24,"Harvard Hillel Executive Director Rabbi Jason Rubenstein (AB ‘04) calls for swift implementation of both the task force’s and Hillel’s proposals. He emphasizes that the recommendations are a starting point needing Harvard leadership’s acceptance. Rubinstein outlines additional measures Harvard should take: requiring neutrality from those in teaching and student-support roles, publicly reporting Title VI complaints, reaching out to concerned Jewish high school seniors, and covering security costs for Jewish students at Hillel. [we sent a letter from the board and Jason to senir admin - is this what you're talking about? I would like to highlight these letters if possible as they have been ahead of the curve in pushing for changes that are now happening]",Hillel Email,
,07/17/24,"Shabbos Kestenbaum (MTS ‘24) speaks at the Republican National Convention, denouncing Harvard for fostering antisemitism. He endorses former President Donald Trump’s plan to deport foreign students involved in pro-Palestine protests. He accuses Harvard of being anti-Western, anti-American, and antisemitic, referencing incidents like the vandalism of Israeli and American flags he planted.",Crimson,
,07/18/24,"Jewish senior Matthew Nekritz (AB ‘25) acknowledges deep antisemitism at Harvard but criticizes Shabbos Kestenbaum’s approach, saying in the Crimson, it has “made our campus a more hostile environment.”",Crimson,
,07/19/24,Harvard standardizes fact-finding procedures for disciplinary cases across the University after students who participated in the pro-Palestine encampment faced different disciplinary charges depending on which school they attended.,https://www.thecrimson.com/article/2024/7/19/harvard-rights-and-responsibilities-disciplinary-process/,
,07/25/24,"Israeli Prime Minister Benjamin Netanyahu directly references Harvard during his address to a joint meeting of Congress on Wednesday: “Eighty years after the Holocaust, the presidents of Harvard, Penn, and I’m ashamed to say my alma mater MIT couldn’t bring themselves to condemn the calls for the genocide of Jews.""",Times of Israel,
,07/31/24,"Hillel International, the Anti-Defamation League (ADL), and related nonprofits release recommendations to combat antisemitism on university campuses. Key points include:
(1) Clearly communicate campus rules, standards, and policies;
(2) Support Jewish students, including by providing antisemitism education and training;
(3) Ensure campus safety, including by enforcing codes of conduct and reaffirming “rejection of BDS and academic boycotts of Israel”;
(4) Reaffirm faculty responsibilities for “students’ academic freedom and a non-discriminatory learning environment in the classroom”;
(5) Prepare for disruptions on the anniversary of October 7 to ensure “any protest activities do not interfere with campus operations or Jewish students’ rights.”",Hillel International,
,08/02/24,Harvard announces President Garber will stay on as President until the end of the 2026-7 academic year.,Crimson,
,08/27/24,"Harvard Hillel Executive Director Jason Rubenstein (AB ‘04) held a 90-minute webinar covering (1) how Harvard Hillel is approaching this academic year, (2) campus antisemitism in historical context, and (3) what parents and alumni can do.",Outline / Recording,
,08/31/24,Harvard Says Police May End Protests That Cause ‘Substantial’ Campus Disruption,Crimson,
,09/03/24,"HUPD investigates the disappearance of a mezuzah (a parchment with Hebrew Torah verses affixed to doorposts) from the dorm room door of Sarah Silverman (AB '28). The mezuzah is found “three doors down from the student’s room and returned,” according to HUPD.",Crimson,
,09/07/24,Harvard President Garber Has Separate Meetings with pro and anti-BDS groups on campus,Crimson,
,09/22/24,"Over 900 people attend “Crisis on Campus: Zionism, Antisemitism and the Future of Higher Education,” a daylong summit in Sanders Theatre hosted by the Harvard Jewish Alumni Alliance (HJAA) and co-sponsored by Harvard Hillel and Harvard Chabad.",Crimson / Algemeiner,
,09/24/24,"Led by HBS professor Jeff Bussgang (AB ‘91, MBA ‘95), over a dozen Jewish HBS faculty add mezuzahs provided by Harvard Hillel to their office doorposts as a “sign of solidarity with the students – and as an expression of our faith.”",Crimson,
,10/02/24,"Harvard Hillel hosts ""What is a Hillel After October 7? The Promise & Peril of Jewish Pluralism in a Time of Polarization"" webinar",Webinar,
,10/07/24,"Over 400 people attend a vigil on the steps of Widener Library to mark the one-year anniversary of the October 7 attacks on Israel. Attendees include Harvard President Alan Garber (AB ’77, AM ’77, PhD ’82) and Dean of the College Rakesh Khurana (PhD ‘98). Speakers include Harvard Hillel Executive Director Jason Rubenstein (AB ’04)",Crimson,
,,"Harvard Undergraduate Palestine Solidarity Committee (PSC) posts a message on Instagram declaring, ""Now is the time to escalate,"" and urging Harvard to disclose and divest from the ""genocidal regime"" of Israel. They go on, “the student intifada rises to demand that Harvard end all support for death and colonialism in Palestine and beyond,” and refer to Harvard as ""the imperial core.""",IG,
,10/10/24,"PSC statement is criticized by Charlie Covit (AB ‘26) in a Crimson op-ed, President Emeritus and University Professor Larry Summers (PhD ‘82), and in a personal capacity by President Alan Garber (AB ’77, AM ’77, PhD ’82).",Crimson,
,,Garber's response to PSC statement is criticized from all sides.,Crimson,
,10/15/24,Swastika-Star of David stickers found near Harvard Hillel,https://www.thecrimson.com/article/2024/10/15/antisemitic-stickers-outside-hillel/,Harvard campus event
,October 2024?,Congress releases subpoenaed emails from Harvard leaders re: 10/9 statement,https://www.thecrimson.com/article/2024/11/1/house-committee-antisemitism-report/,Federal action; official Harvard statement
,01/01/24?,"Title VI settlement (mostly) settled; press-released, IHRA definition, etc",,
,January 2024?,3 profs quit,,
,10/29/24,"Over 70 Harvard students gather for a silent ""study-in"" protest at Widener Library's Loker Reading Room.",Crimson,
,11/02/24,"Dean of FAS Hopi Hoekstra says at an FAS meeting that she “fully support[s]” Martha Whitehead,” head of Harvard Libraries, in her decision to temporarily suspend library access for students and faculty who participated in “study-in” protests in libraries.",Crimson,
,11/05/24,"More than 55 students, led by Jewish HDS students, hold a “pray-in” protest at the Harvard Divinity School library to push the university to divest from Israel in protest of the war in Gaza",Crimson,
,11/09/24,"Around 35 faculty and library staff stage the second ""study-in"" protest at Widener Library this year. Unlike previous in-library protests, library staff and security did not check IDs or record participant names.",,
,11/09/24,Harvard Law School administrators reject appeals from students to reverse temporary suspensions from the school’s library in Langdell Hall over their participation in pro-Palestine “study-ins” last month,Crimson,
,,,,
,11/12/24,put in each year PSC called for Trek boycotts [what about apartheid wall],https://www.thecrimson.com/article/2024/11/12/psc-urges-boycott-israel-trek/,
,11/13/24,"Harvard Divinity School students who participated in last week’s “pray-in” protest at the HDS library, led primarily by Jewish students, have their library access suspended for two weeks.",Crimson,
,11/??/24,"Harvard publishes, “Frequently Asked Questions: Protests in Libraries.”",Harvard,
,11/18/24,"""'Zionists not Welcome here"" protest outside of Hillel",Crimson,
,,"Chaplains Condemn ""Zionists are Not Welcome Here"" rhetoric",,
,11/20/24,"Harvard economics professor Roland Fryer speaks on the ""Invested with Michael Eisenberg"" podcast on the subject of ""Is Harvard Safe for Jews and Israelis?""",Podcast,
,11/21/24,"The Crimson reports that Saul Noam Zaritt, Harvard’s only tenure-track Yiddish instructor, filed a grievance with FAS, citing procedural irregularities in his tenure review. Zaritt previously signed a statement by scholars of Jewish Studies and Israel Studies that supported “colleagues’ right, if they choose to do so, to respond to ongoing events through non-violent protest, including in the form of boycott or other organized economic pressure on Israel.”",Crimson,
,11/24/25,"Project Shema training, faces blowback",Crimson,
,11/25/24,"Crimson Editorial Board publishes ""Harvard Must Act to Save Jewish Studies""",Crimson,
,12/11/24,"President Garber condemns ""Zionists Not Welcome Here"" rhetoric",Crimson,
,,,,
,,,,
,12/??/24,"Harvard College Admissions official IG account features students in keffiyehs, prompting many 1636 readers to reach out with their thoughts. One alum said, ""On its face, these pictures are wholly appropriate. But, the admissions department would absolutely never show a group of students who are either Israeli or Jewish doing any comparable activities on campus and herein lies the covert discrimination. This matter has been brought forward to the university in the past to no avail.”",Screenshot,
,01/29/25,"Trump signs an executive order calling for tougher enforcement of government efforts against antisemitism: ""Jewish students have faced an unrelenting barrage of discrimination; denial of access to campus common areas and facilities, including libraries and classrooms; and intimidation, harassment, and physical threats and assault...""",Federal Register,
,01/30/25,"HBS Dean Srikant Datar opts to publish a high-level summary of HBS's reports from it's working groups on Antisemitism, Islamophobia and Anti-Arabism, and Free Expression and Community Values.",https://www.hbs.edu/news/articles/Pages/working-groups-update.aspx,
,03/05/25,Chabad hostage posters torn down,https://www.thecrimson.com/article/2025/3/5/hostage-posters-removed-investigation/,
,03/10/25,Harvard dismisses librarian who tore down posters,https://www.thecrimson.com/article/2025/3/10/librarian-removed-posters-harvard/,
,03/26/25,School of Public Health’s FXB Center partnership with Birzeit University suspended,"A year into role, Chan School dean focused on driving change amid deep challenges",
,03/28/25,"Student reported to the Harvard College Administrative Board for reserving a room for the African and African American Resistance Organization (AFRO), and unrecognized student organization that self-describes as “militant” and has backed recent efforts to divest Harvard from ties to Israel.
",https://www.thecrimson.com/article/2025/3/29/adams-house-afro-warning/,
,03/29/25,"Student reported to the Harvard College Administrative Board for reserving a room for the African and African American Resistance Organization (AFRO), an unrecognized student organization that self-describes as “militant” and has backed recent efforts to divest Harvard from ties to Israel.
",https://www.thecrimson.com/article/2025/3/29/harvard-cmes-director-departure/,
,03/28/25,"Student reported to the Harvard College Administrative Board for reserving a room for the African and African American Resistance Organization (AFRO), and unrecognized student organization that self-describes as “militant” and has backed recent efforts to divest Harvard from ties to Israel.
",https://www.thecrimson.com/article/2025/3/29/adams-house-afro-warning/,
,,HLS faculty close room rather than confront unauthorized anti-Israel event,,
,4/1/25,"The Task Force on Antisemitism (comprising officials from the Department of Education, the Department of Health & Human Services, and the General Services Administration) launched a sweeping review of more than $8.9 billion in federal contracts and multi-year grants to Harvard University and its affiliates, citing Harvard’s “failure to protect students on campus from anti-Semitic discrimination — all while promoting divisive ideologies over free inquiry.” ",https://www.ed.gov/about/news/press-release/ed-hhs-and-gsa-initiate-federal-contract-and-grant-review-of-harvard-university,
,4/3/25," The same three agencies (ED, HHS, GSA) sends Harvard a follow-up letter outlining preconditions",april-3-harvard-preconditions-letter.pdf,
,04/03/25,"Harvard College places the Palestine Solidarity Committee (PSC) on probation and banned it from hosting public events until July, citing campus policy violations during a Tuesday rally outside University Hall. ",https://www.thecrimson.com/article/2025/4/3/psc-probation-university-hall-rally/,
,4/7/25?,Garber responds to initial federal letter by stating that there is significant shared purpose between Harvard and federal govt,,
,04/11/25,"The same three agencies issue a formal, detailed letter to President Alan Garber and Harvard Corporation “lead member” Penny Pritzker. Superseding the April 3 letter, this one spells out explicit requirements that Harvard needs to accept to preserve its financial relationship with the federal government.
",https://www.harvard.edu/research-funding/wp-content/uploads/sites/16/2025/04/Letter-Sent-to-Harvard-2025-04-11.pdf,
,04/14/25,Harvard's legal counsel replies with a letter to the government; President Garber sends a message to the community. Harvard publishes both,"https://www.harvard.edu/research-funding/wp-content/uploads/sites/16/2025/04/Harvard-Response-2025-04-14.pdf

https://www.harvard.edu/president/news/2025/the-promise-of-american-higher-education/ ",
,04/14/25,The Trump administration freezes $2.2 billion in Harvard's active multi-year grants and $60 million in contracts,https://www.ed.gov/about/news/press-release/joint-task-force-combat-anti-semitism-statement-regarding-harvard-university,
,04/15/25,Trump states on Truth Social that the IRS should review Harvard's tax-exempt status,https://www.nytimes.com/2025/04/15/us/politics/trump-harvard-tax-status.html,
,04/16/25,Reports surface that the Treasury Department asked IRS to consider revoking Harvard’s tax-exempt status,https://www.nytimes.com/2025/04/16/us/politics/trump-irs-harvard.html?utm_source=Stand+Columbia+Society&utm_campaign=be570a2a8b-EMAIL_CAMPAIGN_11_4_2024_22_35_COPY_01&utm_medium=email&utm_term=0_69ed38d2fc-be570a2a8b-33530,
,04/17/25,"ED reopens a foreign funding probe into Harvard, citing “incomplete and inaccurate” disclosures and requesting thousands of pages of documentation. ",https://www.ed.gov/media/document/notice-of-investigation-harvard-university-april-17-2025-109861.pdf,
,,"Department of Homeland Security warns that Harvard could be removed from the Student and Exchange Visitor Program, which would block it from enrolling international students.
",https://www.nytimes.com/interactive/2025/04/17/us/harvard-letter-signed.html ,
,,"The House Oversight Committee launches its own investigation, accusing Harvard of “advocating for illegal discrimination” and demanding internal records across hiring, admissions, DEI, and foreign donations.
",https://oversight.house.gov/wp-content/uploads/2025/04/Letter-to-Harvard-re-Title-VI-Compliance-04172025.pdf,
,04/18/25,Anonymous White House sources tell reporters the April 11 letter to Harvard had been sent out in error. ,https://www.nytimes.com/2025/04/18/business/trump-harvard-letter-mistake.html,
,04/19/25,"DHS requests all drafts and final versions of reports by Harvard’s Presidential Task Forces on Antisemitism and Islamophobia.
",https://www.thefp.com/p/harvard-antisemitism-task-force-trump,
,04/20/25,The Wall Street Journal reports that the federal government plans to halt another $1 billion in funding for health research at Harvard.,https://www.wsj.com/us-news/education/trump-administration-irate-at-harvard-will-pull-additional-1-billion-in-funding-8c209113,
,04/21/25,"Harvard files a lawsuit in federal court challenging the government’s freeze of more than $2.2 billion in funding. The 50-page complaint alleges that the freeze was an attempt to pressure the University into accepting sweeping federal demands and that it was imposed without the procedural safeguards required by Title VI and agency regulations. Harvard says the government’s actions threaten not only its constitutional rights, but also its ability to operate as an independent institution.
",https://www.harvard.edu/research-funding/wp-content/uploads/sites/16/2025/04/Harvard-Funding-Freeze-Order-Complaint.pdf,
,04/21/25,"President Garber releases a message to the community regarding Harvard's lawsuit, in which he pledges to release the reports from the Presidential Task Forces on Antisemitism and Islamophobia. In his message, he describes the reports as “hard-hitting and painful,” but said they contain “recommendations with concrete plans for implementation, which we welcome and embrace.”",https://www.harvard.edu/president/news/2025/upholding-our-values-defending-our-university/,
,04/21/25,"HHS requests that by May 5, Harvard Business School turn over all draft and final reports from its working groups on Antisemitism, Islamophobia and Anti-Arabism, and Free Expression and Community Values.
",https://x.com/SulkinMaya/status/1914684003291942916,
,04/25/25,"""More than 100 protesters gathered in Cambridge Common on Friday evening at a rally accusing Harvard of censoring pro-Palestine speech and scholarship...""",Crimson,
,04/18/25,"Harvard Hillel releases statement saying ""the current, escalating federal assault against Harvard - shuttering apolitical, life-saving research; targeting the university’s tax-exempt status; and threatening all student visas, including those of Israeli students who are proud veterans of the Israel Defense Forces and forceful advocates for Israel on campus - is neither focused nor measured, and stands to substantially harm the very Jewish students and scholars it purports to protect.""",Hillel IG,
,,"ADL says ""However, any actions taken to address campus antisemitism — including the potential withholding of federal funding — must be grounded in clear evidence and conducted in a manner consistent with Title VI procedures and other laws. The penalty should be proportionate and reasonably calculated to address the antisemitism on these campuses and to protect the rights of Jewish students on campus. Denying federal funds (whether in part or in total) is an extremely serious and rightfully rare punishment that should be used only in the most severe situations with institutions incapable or unwilling to improve.""",ADL,
,4/24/25,Garber announces new policy by which discipline involving multiple schools will be handled through a centralized process,https://www.thecrimson.com/article/2025/4/25/protest-panel-president/,
,,students in kefiyyehs protest outside Hillel & in Annenberg on Visitas weekend,,